epoch,step,val_loss
0,11,0.9628208875656128
1,23,0.9219733476638794
2,35,0.851521909236908
3,47,0.780795693397522
4,59,0.7249528765678406
5,71,0.6654781103134155
6,83,0.6330819725990295
7,95,0.561318576335907
8,107,0.5195490121841431
9,119,0.45523303747177124
10,131,0.4400990903377533
11,143,0.38907167315483093
12,155,0.37471744418144226
13,167,0.30739086866378784
14,179,0.2844711244106293
15,191,0.28001442551612854
16,203,0.22910983860492706
17,215,0.23879608511924744
18,227,0.1788284033536911
19,239,0.1797993779182434
20,251,0.15391923487186432
21,263,0.13561592996120453
22,275,0.1235080435872078
23,287,0.12195906043052673
24,299,0.10337615758180618
25,311,0.09887605160474777
26,323,0.08785870671272278
27,335,0.09964083880186081
28,347,0.05699232965707779
29,359,0.06696932017803192
30,371,0.0467364676296711
31,383,0.11016202718019485
32,395,0.0381692573428154
33,407,0.047713685780763626
34,419,0.04652194306254387
35,431,0.05155392736196518
36,443,0.02705143205821514
37,455,0.022054079920053482
38,467,0.026915835216641426
39,479,0.02078293077647686
40,491,0.08094004541635513
41,503,0.01893853396177292
42,515,0.015114211477339268
43,527,0.0243231114000082
44,539,0.023500952869653702
45,551,0.03683288395404816
46,563,0.0167925413697958
47,575,0.018082978203892708
48,587,0.020586052909493446
49,599,0.017317218706011772
50,611,0.02013566717505455
51,623,0.00945448037236929
52,635,0.036069754511117935
53,647,0.007801820058375597
54,659,0.01852884329855442
55,671,0.016601422801613808
56,683,0.005435374565422535
57,695,0.0234121922403574
58,707,0.00898412149399519
59,719,0.03174404799938202
60,731,0.02307812124490738
61,743,0.010949766263365746
62,755,0.005195614881813526
63,767,0.020325053483247757
64,779,0.03634331375360489
65,791,0.010850152932107449
66,803,0.006264445371925831
67,815,0.02765042521059513
68,827,0.01683126762509346
69,839,0.03999872878193855
70,851,0.01963658817112446
71,863,0.025912653654813766
72,875,0.0142480144277215
73,887,0.020314889028668404
74,899,0.017315063625574112
75,911,0.0373477078974247
76,923,0.011406698264181614
77,935,0.01702750101685524
78,947,0.026229839771986008
79,959,0.017259592190384865
80,971,0.027961594983935356
81,983,0.03285161778330803
82,995,0.03460003435611725
83,1007,0.024683021008968353
84,1019,0.04063503071665764
85,1031,0.030457591637969017
86,1043,0.01899052783846855
87,1055,0.04826578125357628
88,1067,0.03180747479200363
89,1079,0.035335201770067215
90,1091,0.02329489029943943
91,1103,0.02082786150276661
92,1115,0.025794094428420067
93,1127,0.013260542415082455
94,1139,0.03753853589296341
95,1151,0.05651437118649483
96,1163,0.008719297125935555
97,1175,0.04902918264269829
98,1187,0.03226450830698013
99,1199,0.022840579971671104
100,1211,0.021771572530269623
101,1223,0.005316747818142176
102,1235,0.029259102419018745
103,1247,0.018697049468755722
104,1259,0.01118473894894123
105,1271,0.021766146644949913
106,1283,0.031711217015981674
107,1295,0.01988808624446392
108,1307,0.008033771067857742
109,1319,0.03525445610284805
110,1331,0.016772381961345673
111,1343,0.014891981147229671
112,1355,0.023398587480187416
113,1367,0.026637861505150795
114,1379,0.03677184879779816
115,1391,0.03125632926821709
116,1403,0.01525317132472992
117,1415,0.05981343984603882
118,1427,0.026328152045607567
119,1439,0.024035383015871048
120,1451,0.022562313824892044
121,1463,0.036057546734809875
122,1475,0.02981153503060341
123,1487,0.008051346056163311
124,1499,0.022962767630815506
125,1511,0.0049238381907343864
126,1523,0.003524178871884942
127,1535,0.008918089792132378
128,1547,0.02614104561507702
129,1559,0.0175723135471344
130,1571,0.01466326229274273
131,1583,0.01422932744026184
132,1595,0.019361810758709908
133,1607,0.024617988616228104
134,1619,0.011128881946206093
135,1631,0.021958108991384506
136,1643,0.02393430657684803
137,1655,0.062020547688007355
138,1667,0.012118571437895298
139,1679,0.02477169595658779
140,1691,0.006954983342438936
141,1703,0.011834719218313694
142,1715,0.0866379514336586
143,1727,0.01589752733707428
144,1739,0.007805904373526573
145,1751,0.009921354241669178
146,1763,0.007851710543036461
147,1775,0.008551746606826782
148,1787,0.007682316936552525
149,1799,0.016600562259554863
150,1811,0.02913656458258629
151,1823,0.01234119851142168
152,1835,0.012274268083274364
153,1847,0.006153570022433996
154,1859,0.021867971867322922
155,1871,0.010608295910060406
156,1883,0.0425700806081295
157,1895,0.015275638550519943
158,1907,0.013698332943022251
159,1919,0.010315132327377796
160,1931,0.011081719771027565
161,1943,0.026847396045923233
162,1955,0.05656658485531807
163,1967,0.04728666692972183
164,1979,0.024578310549259186
165,1991,0.03343655541539192
166,2003,0.013187380507588387
167,2015,0.02563713677227497
168,2027,0.013909220695495605
169,2039,0.01265730895102024
170,2051,0.018514912575483322
171,2063,0.010889657773077488
172,2075,0.03510820493102074
173,2087,0.023298125714063644
174,2099,0.007013077847659588
175,2111,0.01657339558005333
176,2123,0.05282226577401161
177,2135,0.010669143870472908
178,2147,0.04143912345170975
179,2159,0.006774623412638903
180,2171,0.010237635113298893
181,2183,0.021420257166028023
182,2195,0.013261797837913036
183,2207,0.02779708057641983
184,2219,0.029869593679904938
185,2231,0.014790011569857597
186,2243,0.008385946974158287
187,2255,0.0227813720703125
188,2267,0.009573503397405148
189,2279,0.017739083617925644
190,2291,0.03342340514063835
191,2303,0.00704574678093195
192,2315,0.011783292517066002
193,2327,0.01644093170762062
194,2339,0.014209995046257973
195,2351,0.015039641410112381
196,2363,0.009010646492242813
197,2375,0.030367542058229446
198,2387,0.009078281931579113
199,2399,0.01879740320146084
200,2411,0.03802375867962837
201,2423,0.008231631480157375
202,2435,0.05283898487687111
203,2447,0.025931160897016525
204,2459,0.017621036618947983
205,2471,0.018451444804668427
206,2483,0.012755131348967552
207,2495,0.026059063151478767
208,2507,0.07687253504991531
209,2519,0.04021128639578819
210,2531,0.015113962814211845
211,2543,0.01198440883308649
212,2555,0.012930618599057198
213,2567,0.028034640476107597
214,2579,0.03197981417179108
215,2591,0.0118244094774127
216,2603,0.0065077077597379684
217,2615,0.01230884250253439
218,2627,0.0075500416569411755
219,2639,0.017153650522232056
220,2651,0.03127390891313553
221,2663,0.008800874464213848
222,2675,0.009037499316036701
223,2687,0.015099517069756985
224,2699,0.011516873724758625
225,2711,0.017286906018853188
226,2723,0.010213364847004414
227,2735,0.007223252672702074
228,2747,0.00949812214821577
229,2759,0.014218398369848728
230,2771,0.011216196231544018
231,2783,0.017406249418854713
232,2795,0.011894525028765202
233,2807,0.048643097281455994
234,2819,0.00546414265409112
235,2831,0.011327491141855717
236,2843,0.016937188804149628
237,2855,0.006857840809971094
238,2867,0.009356350637972355
239,2879,0.014912692829966545
240,2891,0.02737097069621086
241,2903,0.031062763184309006
242,2915,0.011815317906439304
243,2927,0.004691064823418856
244,2939,0.011845464818179607
245,2951,0.04248885437846184
246,2963,0.02117132768034935
247,2975,0.01039608009159565
248,2987,0.007029016502201557
249,2999,0.0037417185958474874
250,3011,0.009399567730724812
251,3023,0.01133367046713829
252,3035,0.02096475102007389
253,3047,0.025930313393473625
254,3059,0.037835631519556046
255,3071,0.0061154961585998535
256,3083,0.021920181810855865
257,3095,0.010205336846411228
258,3107,0.00726161478087306
259,3119,0.010093356482684612
260,3131,0.008556300774216652
261,3143,0.008044390939176083
262,3155,0.009754049591720104
263,3167,0.01972995512187481
264,3179,0.016418270766735077
265,3191,0.02510831132531166
266,3203,0.011102241463959217
267,3215,0.028056373819708824
268,3227,0.015739265829324722
269,3239,0.014617109671235085
270,3251,0.008323239162564278
271,3263,0.01558859832584858
272,3275,0.0430167131125927
273,3287,0.01785867288708687
274,3299,0.021506203338503838
275,3311,0.003109333571046591
276,3323,0.010318360291421413
277,3335,0.005339642520993948
278,3347,0.029067497700452805
279,3359,0.03342462703585625
280,3371,0.023897094652056694
281,3383,0.009314635768532753
282,3395,0.008811903186142445
283,3407,0.029944950714707375
284,3419,0.03043551929295063
285,3431,0.04919516667723656
286,3443,0.019979991018772125
287,3455,0.034128643572330475
288,3467,0.012089899741113186
289,3479,0.047232355922460556
290,3491,0.02138412557542324
291,3503,0.010030136443674564
292,3515,0.017793625593185425
293,3527,0.01113712228834629
294,3539,0.02011561207473278
295,3551,0.007503243163228035
296,3563,0.018528668209910393
297,3575,0.004041525535285473
298,3587,0.017216093838214874
299,3599,0.022664910182356834
300,3611,0.013269860297441483
301,3623,0.023145947605371475
302,3635,0.0238383486866951
303,3647,0.03630201891064644
304,3659,0.004583129659295082
305,3671,0.053630147129297256
306,3683,0.004690208472311497
307,3695,0.010713571682572365
308,3707,0.047432608902454376
309,3719,0.022801874205470085
310,3731,0.004247693344950676
311,3743,0.004903809633105993
312,3755,0.009748679585754871
313,3767,0.019972214475274086
314,3779,0.008025744929909706
315,3791,0.010560850612819195
316,3803,0.013352688401937485
317,3815,0.011395299807190895
318,3827,0.01900206319987774
319,3839,0.012849877588450909
320,3851,0.0022467910312116146
321,3863,0.008220505900681019
322,3875,0.0133374547585845
323,3887,0.025375235825777054
324,3899,0.03579579293727875
325,3911,0.024614525958895683
326,3923,0.004301507957279682
327,3935,0.0067284805700182915
328,3947,0.01374856662005186
329,3959,0.016936471685767174
330,3971,0.010147311724722385
331,3983,0.016300810500979424
332,3995,0.04550773650407791
333,4007,0.02220286801457405
334,4019,0.022425267845392227
335,4031,0.02502117119729519
336,4043,0.03603002801537514
337,4055,0.0062413509003818035
338,4067,0.021734317764639854
339,4079,0.018254561349749565
340,4091,0.006227103061974049
341,4103,0.0061727967113256454
342,4115,0.015794189646840096
343,4127,0.013298294506967068
344,4139,0.006786047946661711
345,4151,0.004922770895063877
346,4163,0.019729068502783775
347,4175,0.03695248067378998
348,4187,0.010965870693325996
349,4199,0.009585963562130928
350,4211,0.013591417111456394
351,4223,0.011646590195596218
352,4235,0.008953996933996677
353,4247,0.03805148974061012
354,4259,0.004824674688279629
355,4271,0.007594491355121136
356,4283,0.007072296924889088
357,4295,0.010014420375227928
358,4307,0.012992405332624912
359,4319,0.028507454320788383
360,4331,0.048016589134931564
361,4343,0.020425500348210335
362,4355,0.012299935333430767
363,4367,0.024259191006422043
364,4379,0.05780651047825813
365,4391,0.012395525351166725
366,4403,0.041724301874637604
367,4415,0.027331607416272163
368,4427,0.014543456956744194
369,4439,0.013368458487093449
370,4451,0.008466210216283798
371,4463,0.038557037711143494
372,4475,0.02204272523522377
373,4487,0.011661813594400883
374,4499,0.03218948841094971
375,4511,0.03697110339999199
376,4523,0.0046308161690831184
377,4535,0.029661254957318306
378,4547,0.006801863666623831
379,4559,0.013487926684319973
380,4571,0.025555657222867012
381,4583,0.0369144044816494
382,4595,0.004835545085370541
383,4607,0.014978407882153988
384,4619,0.028872570022940636
385,4631,0.02074304223060608
386,4643,0.016543621197342873
387,4655,0.03603438287973404
388,4667,0.009437883272767067
389,4679,0.022757356986403465
390,4691,0.023393983021378517
391,4703,0.048718858510255814
392,4715,0.02012673392891884
393,4727,0.007079553324729204
394,4739,0.014455744065344334
395,4751,0.007922650314867496
396,4763,0.007438713684678078
397,4775,0.018493570387363434
398,4787,0.008892188780009747
399,4799,0.007406935561448336
400,4811,0.015795525163412094
401,4823,0.03007461503148079
402,4835,0.008352236822247505
403,4847,0.004786147736012936
404,4859,0.009257000871002674
405,4871,0.014657518826425076
406,4883,0.012667488306760788
407,4895,0.04654475674033165
408,4907,0.025175174698233604
409,4919,0.014015122316777706
410,4931,0.01296689547598362
411,4943,0.01974206045269966
412,4955,0.017339127138257027
413,4967,0.04739883914589882
414,4979,0.011872959323227406
415,4991,0.004382203798741102
416,5003,0.026529928669333458
417,5015,0.010146698914468288
418,5027,0.009858082979917526
419,5039,0.024874895811080933
420,5051,0.011648554354906082
421,5063,0.03874041885137558
422,5075,0.03197506070137024
423,5087,0.01314733549952507
424,5099,0.014151833020150661
425,5111,0.006929187569767237
426,5123,0.00860248040407896
427,5135,0.008030863478779793
428,5147,0.010000002570450306
429,5159,0.02302532270550728
430,5171,0.010815954767167568
431,5183,0.01881837472319603
432,5195,0.009047703817486763
433,5207,0.0031110963318496943
434,5219,0.006944066844880581
435,5231,0.01736004836857319
436,5243,0.013712989166378975
437,5255,0.011276406235992908
438,5267,0.018333885818719864
439,5279,0.03811636194586754
440,5291,0.005710354540497065
441,5303,0.025841455906629562
442,5315,0.004388987552374601
443,5327,0.005998912267386913
444,5339,0.011984484270215034
445,5351,0.014864365570247173
446,5363,0.018776755779981613
447,5375,0.024997850880026817
448,5387,0.025107361376285553
449,5399,0.013649257831275463
450,5411,0.017730526626110077
451,5423,0.013141227886080742
452,5435,0.03832659497857094
453,5447,0.009091497398912907
454,5459,0.022843284532427788
455,5471,0.01763705350458622
456,5483,0.019208405166864395
457,5495,0.00608453992754221
458,5507,0.012417948804795742
459,5519,0.02079678140580654
460,5531,0.0283316932618618
461,5543,0.01735188253223896
462,5555,0.009178194217383862
463,5567,0.008368394337594509
464,5579,0.014428777620196342
465,5591,0.009803836233913898
466,5603,0.02706034667789936
467,5615,0.012472870759665966
468,5627,0.006725088227540255
469,5639,0.020343240350484848
470,5651,0.01438096072524786
471,5663,0.031577013432979584
472,5675,0.009565409272909164
473,5687,0.04042775556445122
474,5699,0.016052203252911568
475,5711,0.006649878341704607
476,5723,0.010735669173300266
477,5735,0.006955014541745186
478,5747,0.028821809217333794
479,5759,0.015639228746294975
480,5771,0.007332550827413797
481,5783,0.00854276493191719
482,5795,0.008344714529812336
483,5807,0.009026746265590191
484,5819,0.008547312580049038
485,5831,0.015388150699436665
486,5843,0.021442223340272903
487,5855,0.015403718687593937
488,5867,0.014096323400735855
489,5879,0.014508006162941456
490,5891,0.005731716752052307
491,5903,0.05052204430103302
492,5915,0.008937323465943336
493,5927,0.012146425433456898
494,5939,0.008868757635354996
495,5951,0.022342221811413765
496,5963,0.0155193405225873
497,5975,0.0034112376160919666
498,5987,0.04483994469046593
499,5999,0.003113717772066593
500,6011,0.006493198219686747
501,6023,0.02547338604927063
502,6035,0.018105562776327133
503,6047,0.022739209234714508
504,6059,0.005641046445816755
505,6071,0.006210767664015293
506,6083,0.012558873742818832
507,6095,0.019071197137236595
508,6107,0.019949425011873245
509,6119,0.012378454208374023
510,6131,0.01211750041693449
511,6143,0.014706751331686974
512,6155,0.021230369806289673
513,6167,0.004693291150033474
514,6179,0.05960189178586006
515,6191,0.018491484224796295
516,6203,0.06008358299732208
517,6215,0.0195669736713171
518,6227,0.02734779193997383
519,6239,0.014546885155141354
520,6251,0.014247980900108814
521,6263,0.007180843967944384
522,6275,0.005333681125193834
523,6287,0.008816934190690517
524,6299,0.026065586134791374
525,6311,0.0038923078682273626
526,6323,0.05776393041014671
527,6335,0.02243628352880478
528,6347,0.00692456541582942
529,6359,0.008907862938940525
530,6371,0.010445881634950638
531,6383,0.004320095758885145
532,6395,0.03146301954984665
533,6407,0.008207851089537144
534,6419,0.00777567969635129
535,6431,0.010722081176936626
536,6443,0.007467073388397694
537,6455,0.003569192485883832
538,6467,0.010097073391079903
539,6479,0.022172685712575912
540,6491,0.014323310926556587
541,6503,0.009386913850903511
542,6515,0.007108915131539106
543,6527,0.026277510449290276
544,6539,0.03435038775205612
545,6551,0.014773998409509659
546,6563,0.00818602554500103
547,6575,0.009431002661585808
548,6587,0.005780222825706005
549,6599,0.004457990638911724
550,6611,0.05638707056641579
551,6623,0.0037603878881782293
552,6635,0.004322537686675787
553,6647,0.009384098462760448
554,6659,0.005342789459973574
555,6671,0.007351563312113285
556,6683,0.008787868544459343
557,6695,0.030909007415175438
558,6707,0.018188023939728737
559,6719,0.006018027663230896
560,6731,0.004326896276324987
561,6743,0.01499129831790924
562,6755,0.012900669127702713
563,6767,0.013461397960782051
564,6779,0.008621800690889359
565,6791,0.008726468309760094
566,6803,0.029288899153470993
567,6815,0.005150382872670889
568,6827,0.020315801724791527
569,6839,0.012572876177728176
570,6851,0.009098786860704422
571,6863,0.012951514683663845
572,6875,0.01318387221544981
573,6887,0.004646260756999254
574,6899,0.00469787884503603
575,6911,0.00835318211466074
576,6923,0.05008137226104736
577,6935,0.01903354562819004
578,6947,0.0062480769120156765
579,6959,0.012315649539232254
580,6971,0.01136714406311512
581,6983,0.015239506028592587
582,6995,0.006194438319653273
583,7007,0.013592410832643509
584,7019,0.006588076241314411
585,7031,0.004563475027680397
586,7043,0.014581942930817604
587,7055,0.023050447925925255
588,7067,0.06440858542919159
589,7079,0.0408598855137825
590,7091,0.0531281940639019
591,7103,0.017359456047415733
592,7115,0.008385955356061459
593,7127,0.015032651834189892
594,7139,0.02265331521630287
595,7151,0.020708275958895683
596,7163,0.009144948795437813
597,7175,0.003460426116362214
598,7187,0.012220892123878002
599,7199,0.006746722385287285
600,7211,0.021831531077623367
601,7223,0.0076405745930969715
602,7235,0.018717823550105095
603,7247,0.010576107539236546
604,7259,0.003977669402956963
605,7271,0.007477675098925829
606,7283,0.009556510485708714
607,7295,0.016233911737799644
608,7307,0.004160763695836067
609,7319,0.00975740049034357
610,7331,0.033241335302591324
611,7343,0.004204809200018644
612,7355,0.006195071153342724
613,7367,0.03679342940449715
614,7379,0.012688717804849148
615,7391,0.009897647425532341
616,7403,0.01030722726136446
617,7415,0.006907823029905558
618,7427,0.09051256626844406
619,7439,0.006077827885746956
620,7451,0.00874337088316679
621,7463,0.002025742083787918
622,7475,0.015338679775595665
623,7487,0.004168819170445204
624,7499,0.006193225737661123
625,7511,0.01083051972091198
626,7523,0.029225600883364677
627,7535,0.00933181680738926
628,7547,0.005379791371524334
629,7559,0.011745616793632507
630,7571,0.02087954431772232
631,7583,0.018345186486840248
632,7595,0.01192748174071312
633,7607,0.03040219657123089
634,7619,0.01045460719615221
635,7631,0.01545571070164442
636,7643,0.012430013157427311
637,7655,0.007538138888776302
638,7667,0.010377653874456882
639,7679,0.025663061067461967
640,7691,0.011780757457017899
641,7703,0.0047403001226484776
642,7715,0.005479025188833475
643,7727,0.04239504039287567
644,7739,0.007049044128507376
645,7751,0.01430924516171217
646,7763,0.009375287219882011
647,7775,0.011824864894151688
648,7787,0.07096140831708908
649,7799,0.009400928393006325
650,7811,0.002038240199908614
651,7823,0.01753060147166252
652,7835,0.025631556287407875
653,7847,0.010319903492927551
654,7859,0.013401070609688759
655,7871,0.011632530950009823
656,7883,0.009647791273891926
657,7895,0.0054084560833871365
658,7907,0.005240244325250387
659,7919,0.007651283405721188
660,7931,0.009475824423134327
661,7943,0.009288630448281765
662,7955,0.00540732080116868
663,7967,0.008949894458055496
664,7979,0.014797142706811428
665,7991,0.008933226577937603
666,8003,0.007217210717499256
667,8015,0.010568607598543167
668,8027,0.0105745242908597
669,8039,0.009391764178872108
670,8051,0.017094191163778305
671,8063,0.00841846875846386
672,8075,0.005134104751050472
673,8087,0.019035039469599724
674,8099,0.013940480537712574
675,8111,0.02176341786980629
676,8123,0.05827615410089493
677,8135,0.029832221567630768
678,8147,0.031148169189691544
679,8159,0.013425037264823914
680,8171,0.010313061997294426
681,8183,0.011209414340555668
682,8195,0.023967120796442032
683,8207,0.027641577646136284
684,8219,0.032890964299440384
685,8231,0.006549189332872629
686,8243,0.02890186943113804
687,8255,0.016785545274615288
688,8267,0.00625262688845396
689,8279,0.009812038391828537
690,8291,0.011605750769376755
691,8303,0.02630637399852276
692,8315,0.005321097560226917
693,8327,0.007795523386448622
694,8339,0.016606200486421585
695,8351,0.0027925537433475256
696,8363,0.006601433269679546
697,8375,0.005225962493568659
698,8387,0.014408175833523273
699,8399,0.008985986933112144
700,8411,0.009382725693285465
701,8423,0.013627401553094387
702,8435,0.009010960347950459
703,8447,0.014802435413002968
704,8459,0.01498115248978138
705,8471,0.03130607306957245
706,8483,0.011485197581350803
707,8495,0.00447157071903348
708,8507,0.015798965469002724
709,8519,0.011096511036157608
710,8531,0.006573031190782785
711,8543,0.009531190618872643
712,8555,0.016038957983255386
713,8567,0.009158448316156864
714,8579,0.0074171870946884155
715,8591,0.019736874848604202
716,8603,0.0076273237355053425
717,8615,0.014210819266736507
718,8627,0.01525963842868805
719,8639,0.011073491536080837
720,8651,0.008712549693882465
721,8663,0.01354113407433033
722,8675,0.004094528499990702
723,8687,0.01128422375768423
724,8699,0.007321973331272602
725,8711,0.008951962925493717
726,8723,0.016668837517499924
727,8735,0.0179344080388546
728,8747,0.023640645667910576
729,8759,0.020710697397589684
730,8771,0.021998679265379906
731,8783,0.033350758254528046
732,8795,0.01898534968495369
733,8807,0.004240034148097038
734,8819,0.006387944798916578
735,8831,0.03171699121594429
736,8843,0.027404820546507835
737,8855,0.005585287697613239
738,8867,0.013071841560304165
739,8879,0.01100704725831747
740,8891,0.010327341966331005
741,8903,0.02019243873655796
742,8915,0.014071227982640266
743,8927,0.009370275773108006
744,8939,0.012317023240029812
745,8951,0.00906800851225853
746,8963,0.011243532411754131
747,8975,0.016102079302072525
748,8987,0.026785772293806076
749,8999,0.012512748129665852
750,9011,0.005869952030479908
751,9023,0.023362936452031136
752,9035,0.008245253935456276
753,9047,0.017368027940392494
754,9059,0.01724260300397873
755,9071,0.04110753908753395
756,9083,0.015693822875618935
757,9095,0.009290515445172787
758,9107,0.03709026798605919
759,9119,0.011868948116898537
760,9131,0.019015533849596977
761,9143,0.013086202554404736
762,9155,0.020090054720640182
763,9167,0.006438144017010927
764,9179,0.018221301957964897
765,9191,0.023235304281115532
766,9203,0.008768743835389614
767,9215,0.012080719694495201
768,9227,0.017128335312008858
769,9239,0.016292670741677284
770,9251,0.006322706118226051
771,9263,0.006092725321650505
772,9275,0.00594945577904582
773,9287,0.013705371879041195
774,9299,0.010272362269461155
775,9311,0.002868809038773179
776,9323,0.009568480774760246
777,9335,0.028388602659106255
778,9347,0.011313854716718197
779,9359,0.007618825417011976
780,9371,0.02878577634692192
781,9383,0.0057174754329025745
782,9395,0.008364289999008179
783,9407,0.013838357292115688
784,9419,0.010373515076935291
785,9431,0.018770938739180565
786,9443,0.026485929265618324
787,9455,0.010900694876909256
788,9467,0.03831110894680023
789,9479,0.008270232938230038
790,9491,0.00224000820890069
791,9503,0.005861038342118263
792,9515,0.012631417252123356
793,9527,0.011892241425812244
794,9539,0.010101222433149815
795,9551,0.0051885368302464485
796,9563,0.03717361018061638
797,9575,0.016768060624599457
798,9587,0.006022459361702204
799,9599,0.012516430579125881
800,9611,0.046040475368499756
801,9623,0.019443031400442123
802,9635,0.005043345969170332
803,9647,0.029584888368844986
804,9659,0.007434068713337183
805,9671,0.01636379398405552
806,9683,0.013849559240043163
807,9695,0.01833106018602848
808,9707,0.022606058046221733
809,9719,0.006479401607066393
810,9731,0.013262985274195671
811,9743,0.013841086067259312
812,9755,0.010376239195466042
813,9767,0.0032047650311142206
814,9779,0.008825344033539295
815,9791,0.005466731730848551
816,9803,0.02214404195547104
817,9815,0.01345431711524725
818,9827,0.008253546431660652
819,9839,0.015637919306755066
820,9851,0.034089505672454834
821,9863,0.016161341220140457
822,9875,0.01403849758207798
823,9887,0.008439546450972557
824,9899,0.016647301614284515
825,9911,0.012217353098094463
826,9923,0.025862183421850204
827,9935,0.003133682068437338
828,9947,0.016634836792945862
829,9959,0.014531361870467663
830,9971,0.015782933682203293
831,9983,0.010823649354279041
832,9995,0.01607079617679119
833,10007,0.018090400844812393
834,10019,0.014108289033174515
835,10031,0.005051669664680958
836,10043,0.006984616629779339
837,10055,0.04603753611445427
838,10067,0.014088703319430351
839,10079,0.031936805695295334
840,10091,0.01579977758228779
841,10103,0.024888427928090096
842,10115,0.012715757824480534
843,10127,0.01983262412250042
844,10139,0.012772887013852596
845,10151,0.020198293030261993
846,10163,0.04365543648600578
847,10175,0.02240067906677723
848,10187,0.0032005386892706156
849,10199,0.019823070615530014
850,10211,0.01167005393654108
851,10223,0.004268150310963392
852,10235,0.026756243780255318
853,10247,0.012592954561114311
854,10259,0.010112600401043892
855,10271,0.005448933225125074
856,10283,0.019489144906401634
857,10295,0.01712692715227604
858,10307,0.015101616270840168
859,10319,0.0030567115172743797
860,10331,0.03744718059897423
861,10343,0.0036025040317326784
862,10355,0.018594032153487206
863,10367,0.005454324185848236
864,10379,0.015396606177091599
865,10391,0.05800165981054306
866,10403,0.004603670444339514
867,10415,0.010649393312633038
868,10427,0.008337446488440037
869,10439,0.007175440900027752
870,10451,0.010956128127872944
871,10463,0.006380702368915081
872,10475,0.0216810405254364
873,10487,0.012492717243731022
874,10499,0.005598112940788269
875,10511,0.03499554842710495
876,10523,0.012101017870008945
877,10535,0.010189604945480824
878,10547,0.013765247538685799
879,10559,0.010760480538010597
880,10571,0.011693798936903477
881,10583,0.01227537915110588
882,10595,0.004664632957428694
883,10607,0.015012618154287338
884,10619,0.013445447199046612
885,10631,0.004392807837575674
886,10643,0.02866995893418789
887,10655,0.010666285641491413
888,10667,0.03164587542414665
889,10679,0.004600609187036753
890,10691,0.006926084868609905
891,10703,0.0035815115552395582
892,10715,0.0534059964120388
893,10727,0.007807557005435228
894,10739,0.01357044093310833
895,10751,0.016359349712729454
896,10763,0.005629918538033962
897,10775,0.015146720223128796
898,10787,0.015037119388580322
899,10799,0.008479728363454342
900,10811,0.012537102214992046
901,10823,0.009585884399712086
902,10835,0.01139899529516697
903,10847,0.009554436430335045
904,10859,0.014150848612189293
905,10871,0.006907021161168814
906,10883,0.006198967806994915
907,10895,0.008439491502940655
908,10907,0.006901692133396864
909,10919,0.006547898985445499
910,10931,0.0057068513706326485
911,10943,0.010571805760264397
912,10955,0.009633170440793037
913,10967,0.006912755314260721
914,10979,0.019947035238146782
915,10991,0.0105516342446208
916,11003,0.030573589727282524
917,11015,0.013181068934500217
918,11027,0.010705017484724522
919,11039,0.039587054401636124
920,11051,0.004838642198592424
921,11063,0.01175189670175314
922,11075,0.010651256889104843
923,11087,0.02007470652461052
924,11099,0.012641604989767075
925,11111,0.006966828368604183
926,11123,0.0034989065025001764
927,11135,0.00766350282356143
928,11147,0.012314309366047382
929,11159,0.0056928168050944805
930,11171,0.006996742449700832
931,11183,0.03855565935373306
932,11195,0.04976623132824898
933,11207,0.011641657911241055
934,11219,0.018625283613801003
935,11231,0.0030161701142787933
936,11243,0.015305170789361
937,11255,0.00849228911101818
938,11267,0.009970640763640404
939,11279,0.009690298698842525
940,11291,0.009514723904430866
941,11303,0.010544695891439915
942,11315,0.011106947436928749
943,11327,0.010512545704841614
944,11339,0.012853244319558144
945,11351,0.022342480719089508
946,11363,0.006243604235351086
947,11375,0.006724159698933363
948,11387,0.016262274235486984
949,11399,0.01782647706568241
950,11411,0.011157480999827385
951,11423,0.025048647075891495
952,11435,0.007104220800101757
953,11447,0.035285647958517075
954,11459,0.014486337080597878
955,11471,0.007751254364848137
956,11483,0.0035605705343186855
957,11495,0.005161427427083254
958,11507,0.015511534176766872
959,11519,0.0057688201777637005
960,11531,0.009551855735480785
961,11543,0.01692225970327854
962,11555,0.006842310540378094
963,11567,0.010714747942984104
964,11579,0.005752318073064089
965,11591,0.006996586918830872
966,11603,0.01685051992535591
967,11615,0.024459172040224075
968,11627,0.00665764044970274
969,11639,0.0033221489284187555
970,11651,0.027447426691651344
971,11663,0.009005728177726269
972,11675,0.0046915155835449696
973,11687,0.0035674055106937885
974,11699,0.006015624385327101
975,11711,0.019704990088939667
976,11723,0.0021838031243532896
977,11735,0.007846622727811337
978,11747,0.006622531451284885
979,11759,0.031064094975590706
980,11771,0.03124615177512169
981,11783,0.010639384388923645
982,11795,0.032709330320358276
983,11807,0.027796123176813126
984,11819,0.047396983951330185
985,11831,0.00858578272163868
986,11843,0.013439612463116646
987,11855,0.014399767853319645
988,11867,0.017034998163580894
989,11879,0.006064948625862598
990,11891,0.01258864440023899
991,11903,0.002273495541885495
992,11915,0.02587638609111309
993,11927,0.002171734580770135
994,11939,0.033376216888427734
995,11951,0.0025048425886780024
996,11963,0.02625195123255253
997,11975,0.004579224623739719
998,11987,0.020287074148654938
999,11999,0.0030719763599336147
1000,12011,0.024338942021131516
1001,12023,0.010360428132116795
1002,12035,0.005374789237976074
1003,12047,0.014801331795752048
1004,12059,0.01013033464550972
1005,12071,0.010357516817748547
1006,12083,0.005069524981081486
1007,12095,0.011270448565483093
1008,12107,0.020090585574507713
1009,12119,0.002624320797622204
1010,12131,0.007823940366506577
1011,12143,0.06792823225259781
1012,12155,0.010254407301545143
1013,12167,0.004386115353554487
1014,12179,0.003233768977224827
1015,12191,0.012188568711280823
1016,12203,0.00993193220347166
1017,12215,0.035216160118579865
1018,12227,0.004907728638499975
1019,12239,0.02411426045000553
1020,12251,0.009805778041481972
1021,12263,0.03295992687344551
1022,12275,0.011482734233140945
1023,12287,0.02847706712782383
1024,12299,0.006087444722652435
1025,12311,0.009916634298861027
1026,12323,0.011882960796356201
1027,12335,0.007449919357895851
1028,12347,0.02510453201830387
1029,12359,0.016511760652065277
1030,12371,0.014112970791757107
1031,12383,0.008154664188623428
1032,12395,0.014615732245147228
1033,12407,0.014599665068089962
1034,12419,0.02411928027868271
1035,12431,0.008715134114027023
1036,12443,0.016283906996250153
1037,12455,0.007865187712013721
1038,12467,0.013361763209104538
1039,12479,0.00411494355648756
1040,12491,0.006702466867864132
1041,12503,0.011251091957092285
1042,12515,0.026014119386672974
1043,12527,0.007561926729977131
1044,12539,0.009483864530920982
1045,12551,0.03375997766852379
1046,12563,0.018547607585787773
1047,12575,0.006521463859826326
1048,12587,0.008141403086483479
1049,12599,0.005533534102141857
1050,12611,0.008768747560679913
1051,12623,0.009518724866211414
1052,12635,0.008386228233575821
1053,12647,0.027700552716851234
1054,12659,0.030068568885326385
1055,12671,0.009066049940884113
1056,12683,0.007154223509132862
1057,12695,0.008845127187669277
1058,12707,0.011480472050607204
1059,12719,0.004334728233516216
1060,12731,0.004784014541655779
1061,12743,0.011809330433607101
1062,12755,0.02189701981842518
1063,12767,0.0074725523591041565
1064,12779,0.010763108730316162
1065,12791,0.010609026998281479
1066,12803,0.015940172597765923
1067,12815,0.007426077499985695
1068,12827,0.051851786673069
1069,12839,0.008610507473349571
1070,12851,0.019883466884493828
1071,12863,0.004722469486296177
1072,12875,0.00842405017465353
1073,12887,0.016654876992106438
1074,12899,0.008256323635578156
1075,12911,0.005253564100712538
1076,12923,0.04076920449733734
1077,12935,0.025781972333788872
1078,12947,0.008305035531520844
1079,12959,0.009717898443341255
1080,12971,0.014841915108263493
1081,12983,0.03352571651339531
1082,12995,0.004679952282458544
1083,13007,0.00707637844607234
1084,13019,0.004975814837962389
1085,13031,0.009250668808817863
1086,13043,0.0135549521073699
1087,13055,0.01310515496879816
1088,13067,0.011963656172156334
1089,13079,0.013270952738821507
1090,13091,0.01748945750296116
1091,13103,0.004956362769007683
1092,13115,0.011227048002183437
1093,13127,0.008343943394720554
1094,13139,0.008286149241030216
1095,13151,0.023019438609480858
1096,13163,0.01063417550176382
1097,13175,0.00908943172544241
1098,13187,0.017266321927309036
1099,13199,0.00797093566507101
1100,13211,0.006319262087345123
1101,13223,0.016341429203748703
1102,13235,0.0217242743819952
1103,13247,0.012984097935259342
1104,13259,0.02236495353281498
1105,13271,0.006245710887014866
1106,13283,0.012080241926014423
1107,13295,0.011446659453213215
1108,13307,0.005582750309258699
1109,13319,0.006380514707416296
1110,13331,0.006586343515664339
1111,13343,0.00786952581256628
1112,13355,0.022738141939044
1113,13367,0.013551220297813416
1114,13379,0.0018446280155330896
1115,13391,0.023223072290420532
1116,13403,0.00847406592220068
1117,13415,0.02092316932976246
1118,13427,0.005580776371061802
1119,13439,0.04000446945428848
1120,13451,0.008461056277155876
1121,13463,0.009176156483590603
1122,13475,0.004012208431959152
1123,13487,0.008994180709123611
1124,13499,0.018190039321780205
1125,13511,0.013047396205365658
1126,13523,0.04105810448527336
1127,13535,0.01502853911370039
1128,13547,0.009924025274813175
1129,13559,0.01306555513292551
1130,13571,0.007888905704021454
1131,13583,0.029416875913739204
1132,13595,0.008858808316290379
1133,13607,0.012734027579426765
1134,13619,0.007883748970925808
1135,13631,0.005087332334369421
1136,13643,0.0017592605436220765
1137,13655,0.023212183266878128
1138,13667,0.009410131722688675
1139,13679,0.009880650788545609
1140,13691,0.011158501729369164
1141,13703,0.009851987473666668
1142,13715,0.016597134992480278
1143,13727,0.01161156129091978
1144,13739,0.004356873221695423
1145,13751,0.01085964497178793
1146,13763,0.01066717877984047
1147,13775,0.00876234844326973
1148,13787,0.027449654415249825
1149,13799,0.03901166468858719
1150,13811,0.006948262918740511
1151,13823,0.06012807786464691
1152,13835,0.007803871296346188
1153,13847,0.0022597601637244225
1154,13859,0.01531417015939951
1155,13871,0.02359064109623432
1156,13883,0.012210512533783913
1157,13895,0.03469927981495857
1158,13907,0.02834605984389782
1159,13919,0.025292064994573593
1160,13931,0.009917374700307846
1161,13943,0.006695565767586231
1162,13955,0.005241163074970245
1163,13967,0.018101893365383148
1164,13979,0.01677248813211918
1165,13991,0.02178681083023548
1166,14003,0.005603377241641283
1167,14015,0.006706536281853914
1168,14027,0.006465347949415445
1169,14039,0.014090554788708687
1170,14051,0.005540076177567244
1171,14063,0.0104375584051013
1172,14075,0.031509120017290115
1173,14087,0.0061406525783240795
1174,14099,0.013506445102393627
1175,14111,0.020037390291690826
1176,14123,0.004036324098706245
1177,14135,0.08413822948932648
1178,14147,0.005315558053553104
1179,14159,0.020808309316635132
1180,14171,0.02919534035027027
1181,14183,0.022510657086968422
1182,14195,0.017191598191857338
1183,14207,0.027161819860339165
1184,14219,0.024352777749300003
1185,14231,0.004470486659556627
1186,14243,0.007748573552817106
1187,14255,0.0036232592537999153
1188,14267,0.009528640657663345
1189,14279,0.015982693061232567
1190,14291,0.005036008544266224
1191,14303,0.00400528172031045
1192,14315,0.017987804487347603
1193,14327,0.0036314106546342373
1194,14339,0.010147739201784134
1195,14351,0.04384671524167061
1196,14363,0.00981919001787901
1197,14375,0.004975082818418741
1198,14387,0.007282603066414595
1199,14399,0.01814264990389347
1200,14411,0.010706141591072083
1201,14423,0.007549155969172716
1202,14435,0.028644436970353127
1203,14447,0.007502884138375521
1204,14459,0.0202068742364645
1205,14471,0.005049015861004591
1206,14483,0.0054749296978116035
1207,14495,0.009053219109773636
1208,14507,0.008107846602797508
1209,14519,0.0375201515853405
1210,14531,0.009582417085766792
1211,14543,0.010124088265001774
1212,14555,0.0043746004812419415
1213,14567,0.006673546973615885
1214,14579,0.00487299170345068
1215,14591,0.007142951246351004
1216,14603,0.03290988877415657
1217,14615,0.013448960147798061
1218,14627,0.007456353399902582
1219,14639,0.010205053724348545
1220,14651,0.014511092565953732
1221,14663,0.007985157892107964
1222,14675,0.013724074698984623
1223,14687,0.00944236759096384
1224,14699,0.00918943714350462
1225,14711,0.004302390851080418
1226,14723,0.012109803967177868
1227,14735,0.009002027101814747
1228,14747,0.003142694244161248
1229,14759,0.00519202183932066
1230,14771,0.008613658137619495
1231,14783,0.018512925133109093
1232,14795,0.008148896507918835
1233,14807,0.013758919201791286
1234,14819,0.003554916474968195
1235,14831,0.017485881224274635
1236,14843,0.016985472291707993
1237,14855,0.016232771798968315
1238,14867,0.023053031414747238
1239,14879,0.011100724339485168
1240,14891,0.010753870941698551
1241,14903,0.060756079852581024
1242,14915,0.009190955199301243
1243,14927,0.002814561128616333
1244,14939,0.018153740093111992
1245,14951,0.0021167336963117123
1246,14963,0.009742065332829952
1247,14975,0.04573562368750572
1248,14987,0.018623866140842438
1249,14999,0.03044290281832218
1250,15011,0.007902671582996845
1251,15023,0.02211555279791355
1252,15035,0.043105486780405045
1253,15047,0.003065737197175622
1254,15059,0.005482205655425787
1255,15071,0.0079058688133955
1256,15083,0.011371604166924953
1257,15095,0.010665109381079674
1258,15107,0.0044737220741808414
1259,15119,0.017241911962628365
1260,15131,0.04839968681335449
1261,15143,0.023491771891713142
1262,15155,0.038866184651851654
1263,15167,0.0182578656822443
1264,15179,0.012009537778794765
1265,15191,0.006641879212111235
1266,15203,0.00667414627969265
1267,15215,0.01648048684000969
1268,15227,0.007679979782551527
1269,15239,0.012476311065256596
1270,15251,0.013917121104896069
1271,15263,0.019188208505511284
1272,15275,0.04927680268883705
1273,15287,0.0015626107342541218
1274,15299,0.005554856266826391
1275,15311,0.01115073449909687
1276,15323,0.004796255845576525
1277,15335,0.0048491391353309155
1278,15347,0.003686769399791956
1279,15359,0.010201303288340569
1280,15371,0.009586998261511326
1281,15383,0.019360775128006935
1282,15395,0.012302921153604984
1283,15407,0.01812647096812725
1284,15419,0.009920491836965084
1285,15431,0.01044150348752737
1286,15443,0.01770114153623581
1287,15455,0.03347956761717796
1288,15467,0.007335891015827656
1289,15479,0.007543474901467562
1290,15491,0.0029400228522717953
1291,15503,0.035046663135290146
1292,15515,0.010842261835932732
1293,15527,0.013841351494193077
1294,15539,0.019539732486009598
1295,15551,0.00876240897923708
1296,15563,0.005905850324779749
1297,15575,0.013273344375193119
1298,15587,0.007929405197501183
1299,15599,0.0075473543256521225
1300,15611,0.01689201220870018
1301,15623,0.009160859510302544
1302,15635,0.012464647181332111
1303,15647,0.005024720449000597
1304,15659,0.003845724742859602
1305,15671,0.025700131431221962
1306,15683,0.0084020821377635
1307,15695,0.010316497646272182
1308,15707,0.009679841808974743
1309,15719,0.006259098183363676
1310,15731,0.007310941349714994
1311,15743,0.014787913300096989
1312,15755,0.01997966878116131
1313,15767,0.0038216360844671726
1314,15779,0.01100678276270628
1315,15791,0.04010839760303497
1316,15803,0.008832796476781368
1317,15815,0.004857418593019247
1318,15827,0.011493775062263012
1319,15839,0.008989302441477776
1320,15851,0.010606786236166954
1321,15863,0.008503696881234646
1322,15875,0.005700329318642616
1323,15887,0.0036183756310492754
1324,15899,0.037452783435583115
1325,15911,0.010843206197023392
1326,15923,0.012319778092205524
1327,15935,0.007403439376503229
1328,15947,0.013098601251840591
1329,15959,0.001573648420162499
1330,15971,0.02475314401090145
1331,15983,0.010330300778150558
1332,15995,0.02295061945915222
1333,16007,0.0052641574293375015
1334,16019,0.004123160615563393
1335,16031,0.005600993521511555
1336,16043,0.027890166267752647
1337,16055,0.00478122103959322
1338,16067,0.01172144990414381
1339,16079,0.015369605273008347
1340,16091,0.016350282356142998
1341,16103,0.017337335273623466
1342,16115,0.019097356125712395
1343,16127,0.0067111956886947155
1344,16139,0.011109946295619011
1345,16151,0.00753526296466589
1346,16163,0.00821379292756319
1347,16175,0.004965873900800943
1348,16187,0.046566788107156754
1349,16199,0.006991832982748747
1350,16211,0.012830297462642193
1351,16223,0.00902196578681469
1352,16235,0.010423836298286915
1353,16247,0.006733552552759647
1354,16259,0.004908588249236345
1355,16271,0.007596628274768591
1356,16283,0.011716908775269985
1357,16295,0.006185512524098158
1358,16307,0.016544083133339882
1359,16319,0.021819720044732094
1360,16331,0.03481510654091835
1361,16343,0.011823329143226147
1362,16355,0.03545086458325386
1363,16367,0.009275642223656178
1364,16379,0.02636122889816761
1365,16391,0.006110292859375477
1366,16403,0.009022865444421768
1367,16415,0.015096739865839481
1368,16427,0.003990615252405405
1369,16439,0.007202608045190573
1370,16451,0.009445389732718468
1371,16463,0.015429865568876266
1372,16475,0.01525305025279522
1373,16487,0.010329685173928738
1374,16499,0.014764065854251385
1375,16511,0.012195930816233158
1376,16523,0.009325417689979076
1377,16535,0.015282001346349716
1378,16547,0.025730255991220474
1379,16559,0.006900487933307886
1380,16571,0.056448712944984436
1381,16583,0.003642813302576542
1382,16595,0.0035715920384973288
1383,16607,0.011260551400482655
1384,16619,0.005950610619038343
1385,16631,0.04233483597636223
1386,16643,0.028975503519177437
1387,16655,0.01432758942246437
1388,16667,0.021999690681695938
1389,16679,0.0156797394156456
1390,16691,0.006177055649459362
1391,16703,0.005969327874481678
1392,16715,0.05767057463526726
1393,16727,0.012739262543618679
1394,16739,0.013382076285779476
1395,16751,0.0065999203361570835
1396,16763,0.0318167544901371
1397,16775,0.02537570148706436
1398,16787,0.003785259323194623
1399,16799,0.028728777542710304
1400,16811,0.0028577966149896383
1401,16823,0.013209184631705284
1402,16835,0.02018795534968376
1403,16847,0.006561807356774807
1404,16859,0.007097979076206684
1405,16871,0.0054182689636945724
1406,16883,0.004920565523207188
1407,16895,0.011836596764624119
1408,16907,0.004235963337123394
1409,16919,0.004939661826938391
1410,16931,0.02135651744902134
1411,16943,0.005422158632427454
1412,16955,0.007194884587079287
1413,16967,0.05107380077242851
1414,16979,0.008392018266022205
1415,16991,0.007185469847172499
1416,17003,0.016339119523763657
1417,17015,0.00844509620219469
1418,17027,0.012628581374883652
1419,17039,0.008504180237650871
1420,17051,0.03125497326254845
1421,17063,0.010115290991961956
1422,17075,0.004170448984950781
1423,17087,0.004893718287348747
1424,17099,0.00470479903742671
1425,17111,0.035774942487478256
1426,17123,0.021447084844112396
1427,17135,0.0207197442650795
1428,17147,0.012171762064099312
1429,17159,0.008868420496582985
1430,17171,0.01859358325600624
1431,17183,0.011850097216665745
1432,17195,0.014145294204354286
1433,17207,0.0027950929943472147
1434,17219,0.010632338933646679
1435,17231,0.004408454522490501
1436,17243,0.005750355310738087
1437,17255,0.01104121282696724
1438,17267,0.029952211305499077
1439,17279,0.010243823751807213
1440,17291,0.028655385598540306
1441,17303,0.010887465439736843
1442,17315,0.006813856307417154
1443,17327,0.006333072204142809
1444,17339,0.017574645578861237
1445,17351,0.01161751989275217
1446,17363,0.005050093401223421
1447,17375,0.009689794853329659
1448,17387,0.020787008106708527
1449,17399,0.0033580155577510595
1450,17411,0.009935004636645317
1451,17423,0.011341826990246773
1452,17435,0.021633686497807503
1453,17447,0.002374775242060423
1454,17459,0.01580127701163292
1455,17471,0.027878006920218468
1456,17483,0.01104121096432209
1457,17495,0.009388289414346218
1458,17507,0.022148532792925835
1459,17519,0.02554929442703724
1460,17531,0.004237773362547159
1461,17543,0.011831059120595455
1462,17555,0.0048311795108020306
1463,17567,0.005310559179633856
1464,17579,0.02269752509891987
1465,17591,0.008672305382788181
1466,17603,0.012123503722250462
1467,17615,0.054401788860559464
1468,17627,0.009510385803878307
1469,17639,0.006869025062769651
1470,17651,0.007899957709014416
1471,17663,0.02565435692667961
1472,17675,0.00338566186837852
1473,17687,0.008145954459905624
1474,17699,0.00643513910472393
1475,17711,0.0030065427999943495
1476,17723,0.012267067097127438
1477,17735,0.0038230170030146837
1478,17747,0.0076289912685751915
1479,17759,0.006324427668005228
1480,17771,0.01860087737441063
1481,17783,0.03611517697572708
1482,17795,0.0068184202536940575
1483,17807,0.022723553702235222
1484,17819,0.04209635406732559
1485,17831,0.02348681353032589
1486,17843,0.004301849287003279
1487,17855,0.02689945511519909
1488,17867,0.016491277143359184
1489,17879,0.0338795930147171
1490,17891,0.00777490483596921
1491,17903,0.004163024015724659
1492,17915,0.017650624737143517
1493,17927,0.02776823379099369
1494,17939,0.008554598316550255
1495,17951,0.006058701779693365
1496,17963,0.005453099031001329
1497,17975,0.005331245716661215
1498,17987,0.03483520448207855
1499,17999,0.00644762022420764
1500,18011,0.02611185982823372
1501,18023,0.016038857400417328
1502,18035,0.003215327626094222
1503,18047,0.005834315437823534
1504,18059,0.012902493588626385
1505,18071,0.018539099022746086
1506,18083,0.014852882362902164
1507,18095,0.01667495258152485
1508,18107,0.009965225122869015
1509,18119,0.0050440323539078236
1510,18131,0.003030567429959774
1511,18143,0.022018933668732643
1512,18155,0.007372296415269375
1513,18167,0.01470206119120121
1514,18179,0.01591852307319641
1515,18191,0.04486032575368881
1516,18203,0.014969898387789726
1517,18215,0.00579958688467741
1518,18227,0.018295178189873695
1519,18239,0.023134207352995872
1520,18251,0.006169408559799194
1521,18263,0.003754353616386652
1522,18275,0.03933199867606163
1523,18287,0.0020885856356471777
1524,18299,0.013488567434251308
1525,18311,0.01024913601577282
1526,18323,0.014067605137825012
1527,18335,0.007619632873684168
1528,18347,0.00797742884606123
1529,18359,0.012918148189783096
1530,18371,0.014448351226747036
1531,18383,0.013970674015581608
1532,18395,0.024541044607758522
1533,18407,0.06054765731096268
1534,18419,0.022817198187112808
1535,18431,0.0037751661147922277
1536,18443,0.00949955265969038
1537,18455,0.01196498703211546
1538,18467,0.010510411113500595
1539,18479,0.00894828699529171
1540,18491,0.011744596995413303
1541,18503,0.008479706011712551
1542,18515,0.0064371731132268906
1543,18527,0.007157367654144764
1544,18539,0.013755680061876774
1545,18551,0.04925444349646568
1546,18563,0.0033626100048422813
1547,18575,0.016998399049043655
1548,18587,0.029966529458761215
1549,18599,0.018589835613965988
1550,18611,0.033644337207078934
1551,18623,0.03685704618692398
1552,18635,0.012513956986367702
1553,18647,0.004610978998243809
1554,18659,0.02338358759880066
1555,18671,0.014590609818696976
1556,18683,0.014155182056128979
1557,18695,0.02180921658873558
1558,18707,0.020083274692296982
1559,18719,0.018401416018605232
1560,18731,0.028545957058668137
1561,18743,0.015361607074737549
1562,18755,0.007276026997715235
1563,18767,0.004917394835501909
1564,18779,0.002868977375328541
1565,18791,0.02537289820611477
1566,18803,0.014873644337058067
1567,18815,0.012364299036562443
1568,18827,0.013723532669246197
1569,18839,0.012615872547030449
1570,18851,0.014739069156348705
1571,18863,0.006905777845531702
1572,18875,0.013223282061517239
1573,18887,0.023376138880848885
1574,18899,0.011584295891225338
1575,18911,0.02322179637849331
1576,18923,0.013958076946437359
1577,18935,0.04309694096446037
1578,18947,0.02340412698686123
1579,18959,0.010015788488090038
1580,18971,0.004841556306928396
1581,18983,0.011505898088216782
1582,18995,0.0077216350473463535
1583,19007,0.012686874717473984
1584,19019,0.01353518757969141
1585,19031,0.025310268625617027
1586,19043,0.027920560911297798
1587,19055,0.012196510098874569
1588,19067,0.011162017472088337
1589,19079,0.003391847712919116
1590,19091,0.008242033421993256
1591,19103,0.011614609509706497
1592,19115,0.005631630774587393
1593,19127,0.020210467278957367
1594,19139,0.009134647436439991
1595,19151,0.011028643697500229
1596,19163,0.0026935876812785864
1597,19175,0.008162284269928932
1598,19187,0.004899154882878065
1599,19199,0.019945062696933746
1600,19211,0.05432949960231781
1601,19223,0.0033356554340571165
1602,19235,0.04733428731560707
1603,19247,0.008155330084264278
1604,19259,0.0071514202281832695
1605,19271,0.017186928540468216
1606,19283,0.018332185223698616
1607,19295,0.00493909977376461
1608,19307,0.0027466195169836283
1609,19319,0.004978547804057598
1610,19331,0.019765956327319145
1611,19343,0.012923973612487316
1612,19355,0.0046337684616446495
1613,19367,0.00415046839043498
1614,19379,0.0034921562764793634
1615,19391,0.022773222997784615
1616,19403,0.04280740022659302
1617,19415,0.0026050976011902094
1618,19427,0.006667723413556814
1619,19439,0.01329780649393797
1620,19451,0.012549753300845623
1621,19463,0.01460942067205906
1622,19475,0.006338133942335844
1623,19487,0.008332422003149986
1624,19499,0.013371208682656288
1625,19511,0.01057841069996357
1626,19523,0.0060643297620117664
1627,19535,0.009284180589020252
1628,19547,0.009033557958900928
1629,19559,0.01625705324113369
1630,19571,0.010786057449877262
1631,19583,0.009321228601038456
1632,19595,0.03286851942539215
1633,19607,0.002169885439798236
1634,19619,0.01931772567331791
1635,19631,0.027503004297614098
1636,19643,0.0100156394764781
1637,19655,0.014504360035061836
1638,19667,0.006315968930721283
1639,19679,0.014743289910256863
1640,19691,0.016086576506495476
1641,19703,0.015694212168455124
1642,19715,0.005222710780799389
1643,19727,0.005938336718827486
1644,19739,0.03136298060417175
1645,19751,0.016794435679912567
1646,19763,0.0070992643013596535
1647,19775,0.006828759331256151
1648,19787,0.01437143050134182
1649,19799,0.008859162218868732
1650,19811,0.01873052679002285
1651,19823,0.0064308797009289265
1652,19835,0.0017863934626802802
1653,19847,0.005485542118549347
1654,19859,0.016985762864351273
1655,19871,0.010979446582496166
1656,19883,0.011847492307424545
1657,19895,0.00862975139170885
1658,19907,0.0018661341164261103
1659,19919,0.017672810703516006
1660,19931,0.024096256121993065
1661,19943,0.01419888436794281
1662,19955,0.006446230690926313
1663,19967,0.017660336568951607
1664,19979,0.017769543454051018
1665,19991,0.029725071042776108
1666,20003,0.005491700489073992
1667,20015,0.02027255669236183
1668,20027,0.021276630461215973
1669,20039,0.018274953588843346
1670,20051,0.016407780349254608
1671,20063,0.019492236897349358
1672,20075,0.023824376985430717
1673,20087,0.006161096040159464
1674,20099,0.016541454941034317
1675,20111,0.009058358147740364
1676,20123,0.01131913997232914
1677,20135,0.013126624748110771
1678,20147,0.00510374503210187
1679,20159,0.024009523913264275
1680,20171,0.00896746851503849
1681,20183,0.03011721931397915
1682,20195,0.013155287131667137
1683,20207,0.024217834696173668
1684,20219,0.02678735740482807
1685,20231,0.00396217405796051
1686,20243,0.006012470927089453
1687,20255,0.008552949875593185
1688,20267,0.0291280560195446
1689,20279,0.008918735198676586
1690,20291,0.005256869830191135
1691,20303,0.010355080477893353
1692,20315,0.004065396264195442
1693,20327,0.011497938074171543
1694,20339,0.004559199791401625
1695,20351,0.004686941858381033
1696,20363,0.02490653470158577
1697,20375,0.005716742482036352
1698,20387,0.007312312722206116
1699,20399,0.021321970969438553
1700,20411,0.010002130642533302
1701,20423,0.009939405135810375
1702,20435,0.005844349507242441
1703,20447,0.017352325841784477
1704,20459,0.015778666362166405
1705,20471,0.006651971023529768
1706,20483,0.0016828731168061495
1707,20495,0.013469288125634193
1708,20507,0.007086136378347874
1709,20519,0.012048124335706234
1710,20531,0.019160423427820206
1711,20543,0.008166301995515823
1712,20555,0.02087647281587124
1713,20567,0.0047925254330039024
1714,20579,0.0062240841798484325
1715,20591,0.008211590349674225
1716,20603,0.022016385570168495
1717,20615,0.007613743655383587
1718,20627,0.01031083706766367
1719,20639,0.012724507600069046
1720,20651,0.00768696516752243
1721,20663,0.025753267109394073
1722,20675,0.00790777150541544
1723,20687,0.012483268044888973
1724,20699,0.023689942434430122
1725,20711,0.02410152554512024
1726,20723,0.025259532034397125
1727,20735,0.02242439053952694
1728,20747,0.01444160845130682
1729,20759,0.004868554882705212
1730,20771,0.02311314456164837
1731,20783,0.004847140517085791
1732,20795,0.007772813085466623
1733,20807,0.0045928629115223885
1734,20819,0.005571247544139624
1735,20831,0.0073487120680511
1736,20843,0.006708371918648481
1737,20855,0.010904110036790371
1738,20867,0.018987340852618217
1739,20879,0.02873484045267105
1740,20891,0.01908942125737667
1741,20903,0.010891777463257313
1742,20915,0.04260114207863808
1743,20927,0.023216312751173973
1744,20939,0.015957560390233994
1745,20951,0.005459072533994913
1746,20963,0.010464956983923912
1747,20975,0.01270182803273201
1748,20987,0.009474529884755611
1749,20999,0.024834804236888885
1750,21011,0.003358082612976432
1751,21023,0.004020795226097107
1752,21035,0.012453959323465824
1753,21047,0.023530416190624237
1754,21059,0.01371139008551836
1755,21071,0.003323126118630171
1756,21083,0.02729194611310959
1757,21095,0.012179183773696423
1758,21107,0.014582999981939793
1759,21119,0.05295347794890404
1760,21131,0.004875976126641035
1761,21143,0.009098965674638748
1762,21155,0.006297822576016188
1763,21167,0.007179017644375563
1764,21179,0.007886373437941074
1765,21191,0.01583542861044407
1766,21203,0.0061310064047575
1767,21215,0.015903834253549576
1768,21227,0.011312096379697323
1769,21239,0.007787453942000866
1770,21251,0.002277449704706669
1771,21263,0.007727618794888258
1772,21275,0.0019893362186849117
1773,21287,0.004907618742436171
1774,21299,0.012688460759818554
1775,21311,0.012352135963737965
1776,21323,0.008803525939583778
1777,21335,0.013582605868577957
1778,21347,0.009868490509688854
1779,21359,0.014803792349994183
1780,21371,0.039408717304468155
1781,21383,0.01959582418203354
1782,21395,0.013014212250709534
1783,21407,0.04517471045255661
1784,21419,0.007650643587112427
1785,21431,0.016450434923171997
1786,21443,0.009912746958434582
1787,21455,0.008167147636413574
1788,21467,0.009130137972533703
1789,21479,0.023946911096572876
1790,21491,0.013356557115912437
1791,21503,0.003228012938052416
1792,21515,0.01310903113335371
1793,21527,0.013806385919451714
1794,21539,0.02503369003534317
1795,21551,0.005675052758306265
1796,21563,0.03546594828367233
1797,21575,0.005312659312039614
1798,21587,0.004048239905387163
1799,21599,0.011947738006711006
1800,21611,0.036138806492090225
1801,21623,0.007663239724934101
1802,21635,0.03215740993618965
1803,21647,0.05024300143122673
1804,21659,0.015692830085754395
1805,21671,0.02431873045861721
1806,21683,0.013830878771841526
1807,21695,0.042050737887620926
1808,21707,0.010389962233603
1809,21719,0.011857219971716404
1810,21731,0.005274416413158178
1811,21743,0.005668602883815765
1812,21755,0.015382376499474049
1813,21767,0.006164072081446648
1814,21779,0.017595993354916573
1815,21791,0.008915414102375507
1816,21803,0.026796244084835052
1817,21815,0.0031950550619512796
1818,21827,0.0035592722706496716
1819,21839,0.01837213523685932
1820,21851,0.024038229137659073
1821,21863,0.004672716837376356
1822,21875,0.001627460471354425
1823,21887,0.03587803989648819
1824,21899,0.005378334783017635
1825,21911,0.007399085443466902
1826,21923,0.006232548039406538
1827,21935,0.01342172734439373
1828,21947,0.02340778149664402
1829,21959,0.006681571714580059
1830,21971,0.018286915495991707
1831,21983,0.022383613511919975
1832,21995,0.01793544366955757
1833,22007,0.008316227234899998
1834,22019,0.01610458269715309
1835,22031,0.004242499824613333
1836,22043,0.019968992099165916
1837,22055,0.009922673925757408
1838,22067,0.05435644090175629
1839,22079,0.02550668828189373
1840,22091,0.011469353921711445
1841,22103,0.00811426155269146
1842,22115,0.030684281140565872
1843,22127,0.004217641893774271
1844,22139,0.011759080924093723
1845,22151,0.006181366741657257
1846,22163,0.02994135022163391
1847,22175,0.005255753640085459
1848,22187,0.007090757135301828
1849,22199,0.014405041933059692
1850,22211,0.037668295204639435
1851,22223,0.015537210740149021
1852,22235,0.02617761120200157
1853,22247,0.0295258741825819
1854,22259,0.019240858033299446
1855,22271,0.006155108101665974
1856,22283,0.004054172895848751
1857,22295,0.004686003550887108
1858,22307,0.00683659827336669
1859,22319,0.03342902660369873
1860,22331,0.004486839286983013
1861,22343,0.012261067517101765
1862,22355,0.017245909199118614
1863,22367,0.007788463030010462
1864,22379,0.028932366520166397
1865,22391,0.011732485145330429
1866,22403,0.005321884527802467
1867,22415,0.015116201713681221
1868,22427,0.01699487492442131
1869,22439,0.004422665573656559
1870,22451,0.005389847792685032
1871,22463,0.01734114997088909
1872,22475,0.011569940485060215
1873,22487,0.006015087943524122
1874,22499,0.015031108632683754
1875,22511,0.003996044397354126
1876,22523,0.002362931380048394
1877,22535,0.004882784094661474
1878,22547,0.012357746250927448
1879,22559,0.006615184247493744
1880,22571,0.009813507087528706
1881,22583,0.023113559931516647
1882,22595,0.004891114309430122
1883,22607,0.010345405898988247
1884,22619,0.010229943320155144
1885,22631,0.02141406759619713
1886,22643,0.03567561134696007
1887,22655,0.0025522522628307343
1888,22667,0.005329605657607317
1889,22679,0.011065256781876087
1890,22691,0.011328831315040588
1891,22703,0.023466695100069046
1892,22715,0.01681576482951641
1893,22727,0.005838565528392792
1894,22739,0.008855710737407207
1895,22751,0.004176060203462839
1896,22763,0.019349656999111176
1897,22775,0.033050063997507095
1898,22787,0.03477651625871658
1899,22799,0.01617279462516308
1900,22811,0.01051087211817503
1901,22823,0.006339327432215214
1902,22835,0.011166702024638653
1903,22847,0.002678171033039689
1904,22859,0.01041757594794035
1905,22871,0.010722259990870953
1906,22883,0.007424422539770603
1907,22895,0.0056653739884495735
1908,22907,0.020905815064907074
1909,22919,0.034594930708408356
1910,22931,0.02145932801067829
1911,22943,0.01606360450387001
1912,22955,0.010052747093141079
1913,22967,0.009956615045666695
1914,22979,0.018273143097758293
1915,22991,0.012593448162078857
1916,23003,0.02514670044183731
1917,23015,0.0380878783762455
1918,23027,0.004633252043277025
1919,23039,0.006940688006579876
1920,23051,0.038542404770851135
1921,23063,0.03898325189948082
1922,23075,0.008130854927003384
1923,23087,0.009534965269267559
1924,23099,0.01987774856388569
1925,23111,0.018800415098667145
1926,23123,0.025243697687983513
1927,23135,0.006837718188762665
1928,23147,0.006987033877521753
1929,23159,0.00977377500385046
1930,23171,0.017504950985312462
1931,23183,0.006085852161049843
1932,23195,0.025535229593515396
1933,23207,0.012054565362632275
1934,23219,0.03150985762476921
1935,23231,0.005315263289958239
1936,23243,0.0012523712357506156
1937,23255,0.011079135350883007
1938,23267,0.010415943339467049
1939,23279,0.007872391492128372
1940,23291,0.011194133199751377
1941,23303,0.00885050930082798
1942,23315,0.017560500651597977
1943,23327,0.019587455317378044
1944,23339,0.003024362726137042
1945,23351,0.017689721658825874
1946,23363,0.013825868256390095
1947,23375,0.01914014294743538
1948,23387,0.011081819422543049
1949,23399,0.004635523073375225
1950,23411,0.018392665311694145
1951,23423,0.004187352955341339
1952,23435,0.006537945941090584
1953,23447,0.007169507909566164
1954,23459,0.00492738327011466
1955,23471,0.012956734746694565
1956,23483,0.025175366550683975
1957,23495,0.004627991002053022
1958,23507,0.00777355395257473
1959,23519,0.007332950364798307
1960,23531,0.02112591825425625
1961,23543,0.0029542220290750265
1962,23555,0.016952339559793472
1963,23567,0.013643001206219196
1964,23579,0.01721535250544548
1965,23591,0.022686047479510307
1966,23603,0.00797210168093443
1967,23615,0.030352281406521797
1968,23627,0.014755972661077976
1969,23639,0.017087068408727646
1970,23651,0.003985292743891478
1971,23663,0.044320084154605865
1972,23675,0.017212489619851112
1973,23687,0.013961387798190117
1974,23699,0.030214879661798477
1975,23711,0.01085828896611929
1976,23723,0.011877629905939102
1977,23735,0.011934125795960426
1978,23747,0.03063017874956131
1979,23759,0.0057980939745903015
1980,23771,0.010163341648876667
1981,23783,0.00787623692303896
1982,23795,0.02859460934996605
1983,23807,0.012906236574053764
1984,23819,0.02143188938498497
1985,23831,0.015446960926055908
1986,23843,0.007851731963455677
1987,23855,0.006625095847994089
1988,23867,0.006424184422940016
1989,23879,0.019601626321673393
1990,23891,0.044671688228845596
1991,23903,0.016152219846844673
1992,23915,0.003321948228403926
1993,23927,0.021739209070801735
1994,23939,0.022268671542406082
1995,23951,0.00824494194239378
1996,23963,0.024212133139371872
1997,23975,0.03410182520747185
1998,23987,0.010332440957427025
1999,23999,0.0039772819727659225
